{
  "time" : [0.00000, 0.307664, 0.452789, 0.743039, 0.876553, 1.20163, 1.34095, 1.46866, 1.60798, 1.77633, 2.02594, 2.18848, 2.33361, 2.46132, 2.60644, 2.91991, 3.04762],
  "duration" : [0.307664, 0.145125, 0.290249, 0.133515, 0.325079, 0.13932, 0.12771, 0.13932, 0.168345, 0.249615, 0.16254, 0.145125, 0.12771, 0.145125, 0.313469, 0.12771, 0.425034],
  "offset" : [0],
  "loudness" : [-11.7729, -33.2137, -29.2265, -34.1923, -10.2402, -28.9699, -29.9119, -32.6973, -17.4705, -28.2252, -17.0608, -29.1468, -35.5525, -30.5566, -7.14219, -23.3034, -13.8739]
}